{"warmup": 5, "info": [{"precision": [1.0, 1.0], "accuracy": [0.13617568394874555, 0.13348624577656018]}]}