{"warmup": 10, "info": [{"precision": [1.0, 1.0], "accuracy": [0.07135305487339978, 0.07371713040098476]}]}