{"warmup": 5, "info": [{"precision": [1.0, 1.0], "accuracy": [0.30283981367138535, 0.29636994090601476]}]}