{"warmup": 30, "info": [{"precision": [1.0, 1.0], "accuracy": [0.39354594144555843, 0.397671590002628]}]}