{"warmup": 30, "info": [{"precision": [1.0, 1.0], "accuracy": [0.6512408341531141, 0.6665992237082929]}]}