{"warmup": 5, "info": [{"precision": [1.0, 1.0], "accuracy": [0.8502810657247214, 0.8121522869985058]}]}