{"warmup": 10, "info": [{"precision": [1.0, 1.0], "accuracy": [0.314919075707446, 0.29438070345833234]}]}