{"warmup": 10, "info": [{"precision": [1.0, 1.0], "accuracy": [0.3601060168166528, 0.3196882667105152]}]}